Employee Name,EmployeeSalary2018, EmployeeSalary2019, EmployeeSalary2020
Alex,92215,97011,75512
Kelly,93333,94487,96367
Bruce,81592,94505,92790
Jane,93838,86356,86010
Kenny,87357,75960,90971
Roger,85229,75935,96814
Katie,77009,78600,78811
Molly,99506,90780,87354
Shane,77324,87091,86714
Rocky,80777,88264,84388
,,,
,,,
Average,86818,86898.9,87573.1
Standard Deviation,7708.66247225231,7772.33727823662,6969.03796086662
